year,stage,team1,score1,score2,team2,venue,city,country,date,notes,manually_corrected,team1_canon,team2_canon,country_canon,stage_clean,stage_type,total_goals,went_aet,host_playing,pens_winner,decided_on_pens,winner
1930,Group Stage,France,4,1,Mexico,Estadio Centenario,Montevideo,Uruguay,1930-07-13,First ever WC match,False,France,Mexico,Uruguay,Group Stage,Group,5,False,False,,False,France
1930,Group Stage,USA,3,0,Belgium,Estadio Centenario,Montevideo,Uruguay,1930-07-13,,False,USA,Belgium,Uruguay,Group Stage,Group,3,False,False,,False,USA
1930,Group Stage,Yugoslavia,2,1,Brazil,Estadio Centenario,Montevideo,Uruguay,1930-07-14,,False,Yugoslavia,Brazil,Uruguay,Group Stage,Group,3,False,False,,False,Yugoslavia
1930,Group Stage,Uruguay,1,0,Peru,Estadio Centenario,Montevideo,Uruguay,1930-07-18,,False,Uruguay,Peru,Uruguay,Group Stage,Group,1,False,True,,False,Uruguay
1930,Group Stage,Argentina,6,3,Mexico,Estadio Centenario,Montevideo,Uruguay,1930-07-19,,True,Argentina,Mexico,Uruguay,Group Stage,Group,9,False,False,,False,Argentina
1930,Semi-final,Uruguay,6,1,Yugoslavia,Estadio Centenario,Montevideo,Uruguay,1930-07-27,,False,Uruguay,Yugoslavia,Uruguay,Semi-final,Knockout,7,False,True,,False,Uruguay
1930,Semi-final,Argentina,6,1,USA,Estadio Centenario,Montevideo,Uruguay,1930-07-26,,False,Argentina,USA,Uruguay,Semi-final,Knockout,7,False,False,,False,Argentina
1930,Final,Uruguay,4,2,Argentina,Estadio Centenario,Montevideo,Uruguay,1930-07-30,First WC Final,False,Uruguay,Argentina,Uruguay,Final,Knockout,6,False,True,,False,Uruguay
1934,Round of 16,Italy,7,1,USA,PNF Stadium,Rome,Italy,1934-05-27,,False,Italy,USA,Italy,Round of 16,Knockout,8,False,True,,False,Italy
1934,Round of 16,Germany,5,2,Belgium,PNF Stadium,Florence,Italy,1934-05-27,,False,Germany,Belgium,Italy,Round of 16,Knockout,7,False,False,,False,Germany
1934,Quarter-final,Italy,1,1,Spain,PNF Stadium,Florence,Italy,1934-05-31,AET - replay,False,Italy,Spain,Italy,Quarter-final,Knockout,2,True,True,,False,
1934,Semi-final,Italy,1,0,Austria,San Siro,Milan,Italy,1934-06-03,,False,Italy,Austria,Italy,Semi-final,Knockout,1,False,True,,False,Italy
1934,Semi-final,Germany,3,1,Sweden,Stadio Bentegodi,Bologna,Italy,1934-06-03,,False,Germany,Sweden,Italy,Semi-final,Knockout,4,False,False,,False,Germany
1934,3rd Place,Germany,3,2,Austria,Stadio Bentegodi,Naples,Italy,1934-06-07,,False,Germany,Austria,Italy,3rd Place,Knockout,5,False,False,,False,Germany
1934,Final,Italy,2,1,Czechoslovakia,PNF Stadium,Rome,Italy,1934-06-10,AET,False,Italy,Czechia,Italy,Final,Knockout,3,True,True,,False,Italy
1938,Round of 16,Brazil,6,5,Poland,Stade de la Meinau,Strasbourg,France,1938-06-05,AET - 11 goals!,False,Brazil,Poland,France,Round of 16,Knockout,11,True,False,,False,Brazil
1938,Round of 16,Italy,2,1,Norway,Stade de Gerland,Lyon,France,1938-06-05,AET,False,Italy,Norway,France,Round of 16,Knockout,3,True,False,,False,Italy
1938,Quarter-final,Brazil,1,1,Czechoslovakia,Stade de la Meinau,Bordeaux,France,1938-06-12,Replay,False,Brazil,Czechia,France,Quarter-final,Knockout,2,False,False,,False,
1938,Semi-final,Italy,2,1,Brazil,Stade de Colombes,Paris,France,1938-06-16,,False,Italy,Brazil,France,Semi-final,Knockout,3,False,False,,False,Italy
1938,Semi-final,Hungary,5,1,Sweden,Stade Olympique,Paris,France,1938-06-16,,False,Hungary,Sweden,France,Semi-final,Knockout,6,False,False,,False,Hungary
1938,3rd Place,Brazil,4,2,Sweden,Stade de Bordeaux,Bordeaux,France,1938-06-19,,False,Brazil,Sweden,France,3rd Place,Knockout,6,False,False,,False,Brazil
1938,Final,Italy,4,2,Hungary,Stade de Colombes,Paris,France,1938-06-19,,False,Italy,Hungary,France,Final,Knockout,6,False,False,,False,Italy
1950,Group Stage,Brazil,4,0,Mexico,Estádio do Maracanã,Rio de Janeiro,Brazil,1950-06-24,,False,Brazil,Mexico,Brazil,Group Stage,Group,4,False,True,,False,Brazil
1950,Group Stage,England,0,1,USA,Estádio Independência,Belo Horizonte,Brazil,1950-06-29,Greatest WC upset ever,False,England,USA,Brazil,Group Stage,Group,1,False,False,,False,USA
1950,Final Round,Brazil,7,1,Sweden,Estádio do Maracanã,Rio de Janeiro,Brazil,1950-07-09,,False,Brazil,Sweden,Brazil,Second Group Stage,Second group,8,False,True,,False,Brazil
1950,Final Round,Uruguay,3,2,Sweden,Estádio do Maracanã,São Paulo,Brazil,1950-07-09,,False,Uruguay,Sweden,Brazil,Second Group Stage,Second group,5,False,False,,False,Uruguay
1950,Final Round,Uruguay,2,1,Brazil,Estádio do Maracanã,Rio de Janeiro,Brazil,1950-07-16,Maracanazo,False,Uruguay,Brazil,Brazil,Second Group Stage,Second group,3,False,True,,False,Uruguay
1954,Group Stage,Hungary,9,0,South Korea,Hardturm,Zürich,Switzerland,1954-06-17,,False,Hungary,South Korea,Switzerland,Group Stage,Group,9,False,False,,False,Hungary
1954,Group Stage,West Germany,3,8,Hungary,Wankdorf,Bern,Switzerland,1954-06-20,,False,Germany,Hungary,Switzerland,Group Stage,Group,11,False,False,,False,Hungary
1954,Quarter-final,Austria,7,5,Switzerland,Hardturm,Lausanne,Switzerland,1954-06-26,Highest scoring WC match ever,False,Austria,Switzerland,Switzerland,Quarter-final,Knockout,12,False,True,,False,Austria
1954,Semi-final,West Germany,6,1,Austria,Wankdorf,Basel,Switzerland,1954-06-30,,False,Germany,Austria,Switzerland,Semi-final,Knockout,7,False,False,,False,Germany
1954,Semi-final,Hungary,4,2,Uruguay,Stade Olympique,Lausanne,Switzerland,1954-06-30,,False,Hungary,Uruguay,Switzerland,Semi-final,Knockout,6,False,False,,False,Hungary
1954,3rd Place,Austria,3,1,Uruguay,Hardturm,Zürich,Switzerland,1954-07-03,,False,Austria,Uruguay,Switzerland,3rd Place,Knockout,4,False,False,,False,Austria
1954,Final,West Germany,3,2,Hungary,Wankdorf,Bern,Switzerland,1954-07-04,Miracle of Bern,False,Germany,Hungary,Switzerland,Final,Knockout,5,False,False,,False,Germany
1958,Group Stage,Brazil,3,0,Austria,Ryavallen,Borås,Sweden,1958-06-08,,False,Brazil,Austria,Sweden,Group Stage,Group,3,False,False,,False,Brazil
1958,Group Stage,France,7,3,Paraguay,Idrottsparken,Norrköping,Sweden,1958-06-08,Fontaine hat-trick,False,France,Paraguay,Sweden,Group Stage,Group,10,False,False,,False,France
1958,Quarter-final,France,4,0,Northern Ireland,Ullevi,Gothenburg,Sweden,1958-06-19,,False,France,Northern Ireland,Sweden,Quarter-final,Knockout,4,False,False,,False,France
1958,Semi-final,Brazil,5,2,France,Ullevi,Gothenburg,Sweden,1958-06-24,,False,Brazil,France,Sweden,Semi-final,Knockout,7,False,False,,False,Brazil
1958,Semi-final,Sweden,3,1,West Germany,Ullevi,Gothenburg,Sweden,1958-06-24,,False,Sweden,Germany,Sweden,Semi-final,Knockout,4,False,True,,False,Sweden
1958,3rd Place,France,6,3,West Germany,Ullevi,Gothenburg,Sweden,1958-06-28,Fontaine scores 4,False,France,Germany,Sweden,3rd Place,Knockout,9,False,False,,False,France
1958,Final,Brazil,5,2,Sweden,Råsunda,Stockholm,Sweden,1958-06-29,Pelé scores 2 at 17,False,Brazil,Sweden,Sweden,Final,Knockout,7,False,True,,False,Brazil
1962,Group Stage,Soviet Union,2,0,Yugoslavia,Estadio El Teniente,Rancagua,Chile,1962-05-31,,False,Soviet Union,Yugoslavia,Chile,Group Stage,Group,2,False,False,,False,Soviet Union
1962,Group Stage,Italy,0,0,Chile,Estadio Nacional,Santiago,Chile,1962-06-02,Battle of Santiago,False,Italy,Chile,Chile,Group Stage,Group,0,False,True,,False,
1962,Quarter-final,Brazil,3,1,England,Estadio Sausalito,Viña del Mar,Chile,1962-06-10,,False,Brazil,England,Chile,Quarter-final,Knockout,4,False,False,,False,Brazil
1962,Semi-final,Brazil,4,2,Chile,Estadio Nacional,Santiago,Chile,1962-06-13,,False,Brazil,Chile,Chile,Semi-final,Knockout,6,False,True,,False,Brazil
1962,Semi-final,Czechoslovakia,3,1,Yugoslavia,Estadio El Teniente,Viña del Mar,Chile,1962-06-13,,False,Czechia,Yugoslavia,Chile,Semi-final,Knockout,4,False,False,,False,Czechia
1962,3rd Place,Chile,1,0,Yugoslavia,Estadio Nacional,Santiago,Chile,1962-06-16,,False,Chile,Yugoslavia,Chile,3rd Place,Knockout,1,False,True,,False,Chile
1962,Final,Brazil,3,1,Czechoslovakia,Estadio Nacional,Santiago,Chile,1962-06-17,,False,Brazil,Czechia,Chile,Final,Knockout,4,False,False,,False,Brazil
1966,Group Stage,England,0,0,Uruguay,Wembley,London,England,1966-07-11,,False,England,Uruguay,England,Group Stage,Group,0,False,True,,False,
1966,Group Stage,North Korea,1,0,Italy,Ayresome Park,Middlesbrough,England,1966-07-19,Biggest WC upset,False,North Korea,Italy,England,Group Stage,Group,1,False,False,,False,North Korea
1966,Quarter-final,North Korea,3,5,Portugal,Goodison Park,Liverpool,England,1966-07-23,Eusébio scores 4,False,North Korea,Portugal,England,Quarter-final,Knockout,8,False,False,,False,Portugal
1966,Quarter-final,England,1,0,Argentina,Wembley,London,England,1966-07-23,,False,England,Argentina,England,Quarter-final,Knockout,1,False,True,,False,England
1966,Semi-final,England,2,1,Portugal,Wembley,London,England,1966-07-26,,False,England,Portugal,England,Semi-final,Knockout,3,False,True,,False,England
1966,Semi-final,West Germany,2,1,Soviet Union,Goodison Park,Liverpool,England,1966-07-25,,False,Germany,Soviet Union,England,Semi-final,Knockout,3,False,False,,False,Germany
1966,3rd Place,Portugal,2,1,Soviet Union,Wembley,London,England,1966-07-28,,False,Portugal,Soviet Union,England,3rd Place,Knockout,3,False,False,,False,Portugal
1966,Final,England,4,2,West Germany,Wembley,London,England,1966-07-30,Geoff Hurst hat-trick,False,England,Germany,England,Final,Knockout,6,False,True,,False,England
1970,Group Stage,Brazil,4,1,Czechoslovakia,Estadio Jalisco,Guadalajara,Mexico,1970-06-03,,False,Brazil,Czechia,Mexico,Group Stage,Group,5,False,False,,False,Brazil
1970,Group Stage,West Germany,5,2,Bulgaria,Estadio Nou Camp,León,Mexico,1970-06-03,,True,Germany,Bulgaria,Mexico,Group Stage,Group,7,False,False,,False,Germany
1970,Quarter-final,Brazil,4,2,Peru,Estadio Jalisco,Guadalajara,Mexico,1970-06-14,,False,Brazil,Peru,Mexico,Quarter-final,Knockout,6,False,False,,False,Brazil
1970,Quarter-final,West Germany,3,2,England,Estadio Nou Camp,León,Mexico,1970-06-14,AET - England 2-0 up,False,Germany,England,Mexico,Quarter-final,Knockout,5,True,False,,False,Germany
1970,Semi-final,Italy,4,3,West Germany,Estadio Azteca,Mexico City,Mexico,1970-06-17,Game of the Century AET,False,Italy,Germany,Mexico,Semi-final,Knockout,7,True,False,,False,Italy
1970,Semi-final,Brazil,3,1,Uruguay,Estadio Jalisco,Guadalajara,Mexico,1970-06-17,,False,Brazil,Uruguay,Mexico,Semi-final,Knockout,4,False,False,,False,Brazil
1970,3rd Place,West Germany,1,0,Uruguay,Estadio Azteca,Mexico City,Mexico,1970-06-20,,False,Germany,Uruguay,Mexico,3rd Place,Knockout,1,False,False,,False,Germany
1970,Final,Brazil,4,1,Italy,Estadio Azteca,Mexico City,Mexico,1970-06-21,Brazil keep the Jules Rimet,False,Brazil,Italy,Mexico,Final,Knockout,5,False,False,,False,Brazil
1974,Group Stage,East Germany,1,0,West Germany,Volksparkstadion,Hamburg,West Germany,1974-06-22,Only time they met,False,East Germany,Germany,Germany,Group Stage,Group,1,False,True,,False,East Germany
1974,Group Stage,Brazil,0,0,Yugoslavia,Olympiastadion,Berlin,West Germany,1974-06-18,,False,Brazil,Yugoslavia,Germany,Group Stage,Group,0,False,False,,False,
1974,Semi-final Round,Netherlands,2,0,Brazil,Westfalenstadion,Dortmund,West Germany,1974-07-03,,False,Netherlands,Brazil,Germany,Second Group Stage,Second group,2,False,False,,False,Netherlands
1974,Semi-final Round,West Germany,1,0,Poland,Olympiastadion,Frankfurt,West Germany,1974-07-03,,False,Germany,Poland,Germany,Second Group Stage,Second group,1,False,True,,False,Germany
1974,3rd Place,Poland,1,0,Brazil,Olympiastadion,Munich,West Germany,1974-07-06,,False,Poland,Brazil,Germany,3rd Place,Knockout,1,False,False,,False,Poland
1974,Final,West Germany,2,1,Netherlands,Olympiastadion,Munich,West Germany,1974-07-07,,False,Germany,Netherlands,Germany,Final,Knockout,3,False,True,,False,Germany
1978,Group Stage,Argentina,2,1,Hungary,El Monumental,Buenos Aires,Argentina,1978-06-02,,False,Argentina,Hungary,Argentina,Group Stage,Group,3,False,True,,False,Argentina
1978,Group Stage,Italy,1,0,Argentina,El Monumental,Buenos Aires,Argentina,1978-06-10,,False,Italy,Argentina,Argentina,Group Stage,Group,1,False,True,,False,Italy
1978,Second Group Stage,Argentina,6,0,Peru,El Monumental,Buenos Aires,Argentina,1978-06-21,Controversial result,True,Argentina,Peru,Argentina,Second Group Stage,Second group,6,False,True,,False,Argentina
1978,3rd Place,Brazil,2,1,Italy,El Monumental,Buenos Aires,Argentina,1978-06-24,,False,Brazil,Italy,Argentina,3rd Place,Knockout,3,False,False,,False,Brazil
1978,Final,Argentina,3,1,Netherlands,El Monumental,Buenos Aires,Argentina,1978-06-25,AET - Kempes 2,False,Argentina,Netherlands,Argentina,Final,Knockout,4,True,True,,False,Argentina
1982,Group Stage,Algeria,2,1,West Germany,El Molinon,Gijón,Spain,1982-06-16,Biggest WC upset 1982,False,Algeria,Germany,Spain,Group Stage,Group,3,False,False,,False,Algeria
1982,Group Stage,West Germany,1,0,Austria,El Molinon,Gijón,Spain,1982-06-25,Disgrace of Gijón,False,Germany,Austria,Spain,Group Stage,Group,1,False,False,,False,Germany
1982,Second Group Stage,Brazil,3,1,Argentina,Sarriá,Barcelona,Spain,1982-07-02,,True,Brazil,Argentina,Spain,Second Group Stage,Second group,4,False,False,,False,Brazil
1982,Semi-final,West Germany,3,3,France,Ramón Sánchez Pizjuán,Seville,Spain,1982-07-08,First WC shootout - Germany win 5-4 pens,True,Germany,France,Spain,Semi-final,Knockout,6,True,False,Germany,True,Germany
1982,Semi-final,Italy,2,0,Poland,Camp Nou,Barcelona,Spain,1982-07-08,,False,Italy,Poland,Spain,Semi-final,Knockout,2,False,False,,False,Italy
1982,3rd Place,Poland,3,2,France,Estadio Metropolitano,Madrid,Spain,1982-07-10,,False,Poland,France,Spain,3rd Place,Knockout,5,False,False,,False,Poland
1982,Final,Italy,3,1,West Germany,Bernabéu,Madrid,Spain,1982-07-11,Rossi wins Golden Boot,False,Italy,Germany,Spain,Final,Knockout,4,False,False,,False,Italy
1986,Group Stage,Denmark,6,1,Uruguay,Estadio Neza,Nezahualcóyotl,Mexico,1986-06-08,,False,Denmark,Uruguay,Mexico,Group Stage,Group,7,False,False,,False,Denmark
1986,Round of 16,Belgium,4,3,Soviet Union,Estadio Jalisco,Guadalajara,Mexico,1986-06-15,AET,False,Belgium,Soviet Union,Mexico,Round of 16,Knockout,7,True,False,,False,Belgium
1986,Quarter-final,Argentina,2,1,England,Estadio Azteca,Mexico City,Mexico,1986-06-22,Hand of God + Goal of Century,False,Argentina,England,Mexico,Quarter-final,Knockout,3,False,False,,False,Argentina
1986,Quarter-final,France,0,0,Brazil,Estadio Jalisco,Guadalajara,Mexico,1986-06-21,France win 4-3 pens,False,France,Brazil,Mexico,Quarter-final,Knockout,0,True,False,France,True,France
1986,Semi-final,Argentina,2,0,Belgium,Estadio Azteca,Mexico City,Mexico,1986-06-25,Maradona 2 goals,False,Argentina,Belgium,Mexico,Semi-final,Knockout,2,False,False,,False,Argentina
1986,Semi-final,West Germany,2,0,France,Estadio Jalisco,Guadalajara,Mexico,1986-06-25,,False,Germany,France,Mexico,Semi-final,Knockout,2,False,False,,False,Germany
1986,3rd Place,France,4,2,Belgium,Estadio Cuauhtémoc,Puebla,Mexico,1986-06-28,,False,France,Belgium,Mexico,3rd Place,Knockout,6,False,False,,False,France
1986,Final,Argentina,3,2,West Germany,Estadio Azteca,Mexico City,Mexico,1986-06-29,Maradona's WC,False,Argentina,Germany,Mexico,Final,Knockout,5,False,False,,False,Argentina
1990,Group Stage,Argentina,0,1,Cameroon,San Siro,Milan,Italy,1990-06-08,Greatest WC upset 1990,False,Argentina,Cameroon,Italy,Group Stage,Group,1,False,False,,False,Cameroon
1990,Group Stage,Colombia,1,1,West Germany,Stadio Giuseppe Meazza,Milan,Italy,1990-06-19,Rene Higuita error,False,Colombia,Germany,Italy,Group Stage,Group,2,False,False,,False,
1990,Round of 16,Ireland,0,0,Romania,Stadio Luigi Ferraris,Genoa,Italy,1990-06-25,Ireland win 5-4 pens,False,Ireland,Romania,Italy,Round of 16,Knockout,0,True,False,Ireland,True,Ireland
1990,Quarter-final,West Germany,1,0,Czechoslovakia,Stadio delle Alpi,Turin,Italy,1990-07-01,,False,Germany,Czechia,Italy,Quarter-final,Knockout,1,False,False,,False,Germany
1990,Quarter-final,Argentina,0,0,Yugoslavia,Stadio Marc Antonio Bentegodi,Florence,Italy,1990-07-01,Argentina win 3-2 pens,False,Argentina,Yugoslavia,Italy,Quarter-final,Knockout,0,True,False,Argentina,True,Argentina
1990,Semi-final,West Germany,1,1,England,Stadio delle Alpi,Turin,Italy,1990-07-04,Germany win 4-3 pens - Gazza cries,False,Germany,England,Italy,Semi-final,Knockout,2,True,False,Germany,True,Germany
1990,Semi-final,Argentina,1,1,Italy,San Paolo,Naples,Italy,1990-07-03,Argentina win 4-3 pens,False,Argentina,Italy,Italy,Semi-final,Knockout,2,True,True,Argentina,True,Argentina
1990,3rd Place,Italy,2,1,England,Stadio San Nicola,Bari,Italy,1990-07-07,Schillaci Golden Boot,False,Italy,England,Italy,3rd Place,Knockout,3,False,True,,False,Italy
1990,Final,West Germany,1,0,Argentina,Stadio Olimpico,Rome,Italy,1990-07-08,Penalty - Brehme,False,Germany,Argentina,Italy,Final,Knockout,1,False,False,,False,Germany
1994,Group Stage,Bolivia,0,1,Germany,Pontiac Silverdome,Detroit,USA,1994-06-17,First indoor WC match,False,Bolivia,Germany,USA,Group Stage,Group,1,False,False,,False,Germany
1994,Group Stage,Russia,6,1,Cameroon,Stanford Stadium,Palo Alto,USA,1994-06-28,Salenko 5 goals,False,Russia,Cameroon,USA,Group Stage,Group,7,False,False,,False,Russia
1994,Group Stage,Brazil,3,0,Russia,Stanford Stadium,Palo Alto,USA,1994-06-28,,False,Brazil,Russia,USA,Group Stage,Group,3,False,False,,False,Brazil
1994,Quarter-final,Brazil,1,0,Netherlands,Cotton Bowl,Dallas,USA,1994-07-09,Bebeto cradle celebration,False,Brazil,Netherlands,USA,Quarter-final,Knockout,1,False,False,,False,Brazil
1994,Semi-final,Brazil,1,0,Sweden,Rose Bowl,Pasadena,USA,1994-07-13,,False,Brazil,Sweden,USA,Semi-final,Knockout,1,False,False,,False,Brazil
1994,Semi-final,Italy,2,1,Bulgaria,Giants Stadium,New Jersey,USA,1994-07-13,,False,Italy,Bulgaria,USA,Semi-final,Knockout,3,False,False,,False,Italy
1994,3rd Place,Sweden,4,0,Bulgaria,Rose Bowl,Pasadena,USA,1994-07-16,,False,Sweden,Bulgaria,USA,3rd Place,Knockout,4,False,False,,False,Sweden
1994,Final,Brazil,0,0,Italy,Rose Bowl,Pasadena,USA,1994-07-17,Brazil win 3-2 pens - Baggio misses,False,Brazil,Italy,USA,Final,Knockout,0,True,False,Brazil,True,Brazil
1998,Group Stage,Brazil,2,1,Scotland,Stade de France,Saint-Denis,France,1998-06-10,,False,Brazil,Scotland,France,Group Stage,Group,3,False,False,,False,Brazil
1998,Group Stage,Nigeria,3,2,Spain,Stade de la Mosson,Montpellier,France,1998-06-13,,False,Nigeria,Spain,France,Group Stage,Group,5,False,False,,False,Nigeria
1998,Round of 16,Argentina,2,2,England,Stade Geoffroy-Guichard,Saint-Étienne,France,1998-06-30,Beckham sent off - Argentina win 4-3 pens,False,Argentina,England,France,Round of 16,Knockout,4,True,False,Argentina,True,Argentina
1998,Round of 16,France,1,0,Paraguay,Félix Bollaert,Lens,France,1998-06-28,AET - Blanc golden goal,False,France,Paraguay,France,Round of 16,Knockout,1,True,True,,False,France
1998,Quarter-final,Netherlands,2,1,Argentina,Stade Vélodrome,Marseille,France,1998-07-04,Bergkamp goal of tournament,False,Netherlands,Argentina,France,Quarter-final,Knockout,3,False,False,,False,Netherlands
1998,Quarter-final,France,0,0,Italy,Stade de France,Saint-Denis,France,1998-07-03,France win 4-3 pens,False,France,Italy,France,Quarter-final,Knockout,0,True,True,France,True,France
1998,Semi-final,France,2,1,Croatia,Stade de France,Saint-Denis,France,1998-07-08,,False,France,Croatia,France,Semi-final,Knockout,3,False,True,,False,France
1998,Semi-final,Brazil,1,1,Netherlands,Stade Vélodrome,Marseille,France,1998-07-07,Brazil win 4-2 pens,False,Brazil,Netherlands,France,Semi-final,Knockout,2,True,False,Brazil,True,Brazil
1998,3rd Place,Croatia,2,1,Netherlands,Parc des Princes,Paris,France,1998-07-11,,False,Croatia,Netherlands,France,3rd Place,Knockout,3,False,False,,False,Croatia
1998,Final,France,3,0,Brazil,Stade de France,Saint-Denis,France,1998-07-12,Ronaldo fit? France dominate,False,France,Brazil,France,Final,Knockout,3,False,True,,False,France
2002,Group Stage,Senegal,1,0,France,Seoul World Cup Stadium,Seoul,South Korea,2002-05-31,Defending champions out in groups,False,Senegal,France,South Korea,Group Stage,Group,1,False,False,,False,Senegal
2002,Group Stage,South Korea,2,0,Portugal,Suwon World Cup Stadium,Suwon,South Korea,2002-06-14,,False,South Korea,Portugal,South Korea,Group Stage,Group,2,False,True,,False,South Korea
2002,Round of 16,South Korea,2,1,Italy,Daejeon World Cup Stadium,Daejeon,South Korea,2002-06-18,AET - Ahn golden goal,False,South Korea,Italy,South Korea,Round of 16,Knockout,3,True,True,,False,South Korea
2002,Quarter-final,South Korea,0,0,Spain,Gwangju World Cup Stadium,Gwangju,South Korea,2002-06-22,South Korea win 5-3 pens,False,South Korea,Spain,South Korea,Quarter-final,Knockout,0,True,True,South Korea,True,South Korea
2002,Quarter-final,Brazil,2,1,England,Shizuoka Stadium,Shizuoka,Japan,2002-06-21,Ronaldinho free kick,False,Brazil,England,Japan,Quarter-final,Knockout,3,False,False,,False,Brazil
2002,Semi-final,Brazil,1,0,Turkey,Saitama Stadium,Saitama,Japan,2002-06-26,,False,Brazil,Türkiye,Japan,Semi-final,Knockout,1,False,False,,False,Brazil
2002,Semi-final,Germany,1,0,South Korea,Seoul World Cup Stadium,Seoul,South Korea,2002-06-25,,False,Germany,South Korea,South Korea,Semi-final,Knockout,1,False,True,,False,Germany
2002,3rd Place,Turkey,3,2,South Korea,Daegu World Cup Stadium,Daegu,South Korea,2002-06-29,,False,Türkiye,South Korea,South Korea,3rd Place,Knockout,5,False,True,,False,Türkiye
2002,Final,Brazil,2,0,Germany,Yokohama International,Yokohama,Japan,2002-06-30,Ronaldo 2 goals,False,Brazil,Germany,Japan,Final,Knockout,2,False,False,,False,Brazil
2006,Group Stage,Germany,4,2,Costa Rica,Allianz Arena,Munich,Germany,2006-06-09,Opening match,False,Germany,Costa Rica,Germany,Group Stage,Group,6,False,True,,False,Germany
2006,Group Stage,Australia,3,1,Japan,Fritz Walter Stadion,Kaiserslautern,Germany,2006-06-12,,False,Australia,Japan,Germany,Group Stage,Group,4,False,False,,False,Australia
2006,Round of 16,Italy,1,0,Australia,Fritz Walter Stadion,Kaiserslautern,Germany,2006-06-26,AET Totti pen,False,Italy,Australia,Germany,Round of 16,Knockout,1,True,False,,False,Italy
2006,Round of 16,Portugal,1,0,Netherlands,Allianz Arena,Nuremberg,Germany,2006-06-25,Battle of Nuremberg - 4 red cards,False,Portugal,Netherlands,Germany,Round of 16,Knockout,1,False,False,,False,Portugal
2006,Quarter-final,Italy,3,0,Ukraine,Olympiastadion,Hamburg,Germany,2006-06-30,Toni 2 goals,False,Italy,Ukraine,Germany,Quarter-final,Knockout,3,False,False,,False,Italy
2006,Quarter-final,Germany,1,1,Argentina,Olympiastadion,Berlin,Germany,2006-06-30,Germany win 4-2 pens,False,Germany,Argentina,Germany,Quarter-final,Knockout,2,True,True,Germany,True,Germany
2006,Semi-final,Italy,2,0,Germany,Signal Iduna Park,Dortmund,Germany,2006-07-04,Grosso + Del Piero AET injury time,False,Italy,Germany,Germany,Semi-final,Knockout,2,True,True,,False,Italy
2006,Semi-final,Portugal,0,1,France,Allianz Arena,Munich,Germany,2006-07-05,Zidane pen,False,Portugal,France,Germany,Semi-final,Knockout,1,False,False,,False,France
2006,3rd Place,Germany,3,1,Portugal,Gottlieb-Daimler-Stadion,Stuttgart,Germany,2006-07-08,,False,Germany,Portugal,Germany,3rd Place,Knockout,4,False,True,,False,Germany
2006,Final,Italy,1,1,France,Olympiastadion,Berlin,Germany,2006-07-09,Zidane headbutt - Italy win 5-3 pens,False,Italy,France,Germany,Final,Knockout,2,True,False,Italy,True,Italy
2010,Group Stage,South Africa,1,1,Mexico,Soccer City,Johannesburg,South Africa,2010-06-11,First WC in Africa,False,South Africa,Mexico,South Africa,Group Stage,Group,2,False,True,,False,
2010,Group Stage,England,1,1,USA,Royal Bafokeng,Rustenburg,South Africa,2010-06-12,Green howler,False,England,USA,South Africa,Group Stage,Group,2,False,False,,False,
2010,Group Stage,Germany,4,0,Australia,Moses Mabhida,Durban,South Africa,2010-06-13,,False,Germany,Australia,South Africa,Group Stage,Group,4,False,False,,False,Germany
2010,Round of 16,USA,1,2,Ghana,Royal Bafokeng,Rustenburg,South Africa,2010-06-26,AET,False,USA,Ghana,South Africa,Round of 16,Knockout,3,True,False,,False,Ghana
2010,Round of 16,England,1,4,Germany,Free State Stadium,Bloemfontein,South Africa,2010-06-27,Lampard ghost goal,False,England,Germany,South Africa,Round of 16,Knockout,5,False,False,,False,Germany
2010,Quarter-final,Argentina,0,4,Germany,Cape Town Stadium,Cape Town,South Africa,2010-07-03,,False,Argentina,Germany,South Africa,Quarter-final,Knockout,4,False,False,,False,Germany
2010,Quarter-final,Netherlands,2,1,Brazil,Nelson Mandela Bay,Port Elizabeth,South Africa,2010-07-02,Robben goal,False,Netherlands,Brazil,South Africa,Quarter-final,Knockout,3,False,False,,False,Netherlands
2010,Semi-final,Netherlands,3,2,Uruguay,Cape Town Stadium,Cape Town,South Africa,2010-07-06,,False,Netherlands,Uruguay,South Africa,Semi-final,Knockout,5,False,False,,False,Netherlands
2010,Semi-final,Spain,1,0,Germany,Moses Mabhida,Durban,South Africa,2010-07-07,Puyol header,False,Spain,Germany,South Africa,Semi-final,Knockout,1,False,False,,False,Spain
2010,3rd Place,Uruguay,2,3,Germany,Nelson Mandela Bay,Port Elizabeth,South Africa,2010-07-10,Forlan Golden Ball,False,Uruguay,Germany,South Africa,3rd Place,Knockout,5,False,False,,False,Germany
2010,Final,Spain,1,0,Netherlands,Soccer City,Johannesburg,South Africa,2010-07-11,AET - Iniesta,False,Spain,Netherlands,South Africa,Final,Knockout,1,True,False,,False,Spain
2014,Group Stage,Brazil,3,1,Croatia,Arena de São Paulo,São Paulo,Brazil,2014-06-12,Opening - OG + Neymar 2,False,Brazil,Croatia,Brazil,Group Stage,Group,4,False,True,,False,Brazil
2014,Group Stage,Spain,1,5,Netherlands,Arena Fonte Nova,Salvador,Brazil,2014-06-13,Defending champs thrashed,False,Spain,Netherlands,Brazil,Group Stage,Group,6,False,False,,False,Netherlands
2014,Group Stage,Uruguay,2,1,England,Arena Corinthians,São Paulo,Brazil,2014-06-19,Suárez 2,False,Uruguay,England,Brazil,Group Stage,Group,3,False,False,,False,Uruguay
2014,Round of 16,Colombia,2,0,Uruguay,Maracanã,Rio de Janeiro,Brazil,2014-06-28,Suárez bites Chiellini,False,Colombia,Uruguay,Brazil,Round of 16,Knockout,2,False,False,,False,Colombia
2014,Round of 16,Germany,2,1,Algeria,Estadio Beira-Rio,Porto Alegre,Brazil,2014-06-30,AET,False,Germany,Algeria,Brazil,Round of 16,Knockout,3,True,False,,False,Germany
2014,Quarter-final,Argentina,1,0,Belgium,Estadio Nacional,Brasília,Brazil,2014-07-05,Higuaín - Argentina win 1-0,True,Argentina,Belgium,Brazil,Quarter-final,Knockout,1,False,False,,False,Argentina
2014,Quarter-final,Germany,1,0,France,Maracanã,Rio de Janeiro,Brazil,2014-07-04,Hummels header,False,Germany,France,Brazil,Quarter-final,Knockout,1,False,False,,False,Germany
2014,Semi-final,Brazil,1,7,Germany,Estadio Mineirão,Belo Horizonte,Brazil,2014-07-08,Mineirazo - biggest WC shock,False,Brazil,Germany,Brazil,Semi-final,Knockout,8,False,True,,False,Germany
2014,Semi-final,Argentina,0,0,Netherlands,Arena Corinthians,São Paulo,Brazil,2014-07-09,Argentina win 4-2 pens,False,Argentina,Netherlands,Brazil,Semi-final,Knockout,0,True,False,Argentina,True,Argentina
2014,3rd Place,Brazil,0,3,Netherlands,Estadio Nacional,Brasília,Brazil,2014-07-12,,False,Brazil,Netherlands,Brazil,3rd Place,Knockout,3,False,True,,False,Netherlands
2014,Final,Germany,1,0,Argentina,Maracanã,Rio de Janeiro,Brazil,2014-07-13,AET - Götze 113th min,False,Germany,Argentina,Brazil,Final,Knockout,1,True,False,,False,Germany
2018,Group Stage,Russia,5,0,Saudi Arabia,Luzhniki,Moscow,Russia,2018-06-14,Opening match,False,Russia,Saudi Arabia,Russia,Group Stage,Group,5,False,True,,False,Russia
2018,Group Stage,Germany,0,1,Mexico,Luzhniki,Moscow,Russia,2018-06-17,Defending champs shocked,False,Germany,Mexico,Russia,Group Stage,Group,1,False,False,,False,Mexico
2018,Group Stage,Spain,3,3,Portugal,Fisht Olympic,Sochi,Russia,2018-06-15,Ronaldo hat-trick,False,Spain,Portugal,Russia,Group Stage,Group,6,False,False,,False,
2018,Round of 16,Argentina,1,3,France,Kazan Arena,Kazan,Russia,2018-06-30,Mbappé double - Pavard screamer,False,Argentina,France,Russia,Round of 16,Knockout,4,False,False,,False,France
2018,Round of 16,Spain,1,1,Russia,Luzhniki,Moscow,Russia,2018-07-01,Russia win 4-3 pens,False,Spain,Russia,Russia,Round of 16,Knockout,2,True,True,Russia,True,Russia
2018,Round of 16,Brazil,2,0,Mexico,Samara Arena,Samara,Russia,2018-07-02,Neymar + Firmino,False,Brazil,Mexico,Russia,Round of 16,Knockout,2,False,False,,False,Brazil
2018,Quarter-final,Russia,2,2,Croatia,Fisht Olympic,Sochi,Russia,2018-07-07,Croatia win 4-3 pens,False,Russia,Croatia,Russia,Quarter-final,Knockout,4,True,True,Croatia,True,Croatia
2018,Quarter-final,Belgium,2,1,Brazil,Kazan Arena,Kazan,Russia,2018-07-06,De Bruyne assist + Chadli goal,False,Belgium,Brazil,Russia,Quarter-final,Knockout,3,False,False,,False,Belgium
2018,Semi-final,France,1,0,Belgium,Saint Petersburg,St Petersburg,Russia,2018-07-10,Umtiti header,False,France,Belgium,Russia,Semi-final,Knockout,1,False,False,,False,France
2018,Semi-final,Croatia,2,1,England,Luzhniki,Moscow,Russia,2018-07-11,AET - Mandzukic,False,Croatia,England,Russia,Semi-final,Knockout,3,True,False,,False,Croatia
2018,3rd Place,Belgium,2,0,England,Saint Petersburg,St Petersburg,Russia,2018-07-14,,False,Belgium,England,Russia,3rd Place,Knockout,2,False,False,,False,Belgium
2018,Final,France,4,2,Croatia,Luzhniki,Moscow,Russia,2018-07-15,Mbappé scores - youngest since Pelé,False,France,Croatia,Russia,Final,Knockout,6,False,False,,False,France
2022,Group Stage,Qatar,0,2,Ecuador,Al Bayt Stadium,Al Khor,Qatar,2022-11-20,Opening match - Qatar humbled at home,False,Qatar,Ecuador,Qatar,Group Stage,Group,2,False,True,,False,Ecuador
2022,Group Stage,Saudi Arabia,2,1,Argentina,Lusail Stadium,Lusail,Qatar,2022-11-22,Biggest WC upset 2022,False,Saudi Arabia,Argentina,Qatar,Group Stage,Group,3,False,False,,False,Saudi Arabia
2022,Group Stage,Germany,1,2,Japan,Khalifa International,Al Rayyan,Qatar,2022-11-23,,False,Germany,Japan,Qatar,Group Stage,Group,3,False,False,,False,Japan
2022,Group Stage,Spain,1,2,Japan,Khalifa International,Al Rayyan,Qatar,2022-12-01,,False,Spain,Japan,Qatar,Group Stage,Group,3,False,False,,False,Japan
2022,Group Stage,Germany,4,2,Costa Rica,Al Bayt Stadium,Al Khor,Qatar,2022-12-01,Germany out despite winning,False,Germany,Costa Rica,Qatar,Group Stage,Group,6,False,False,,False,Germany
2022,Round of 16,Morocco,0,0,Spain,Education City Stadium,Al Rayyan,Qatar,2022-12-06,Morocco win 3-0 pens,False,Morocco,Spain,Qatar,Round of 16,Knockout,0,True,False,Morocco,True,Morocco
2022,Round of 16,France,3,1,Poland,Al Thumama Stadium,Doha,Qatar,2022-12-04,Mbappé double,False,France,Poland,Qatar,Round of 16,Knockout,4,False,False,,False,France
2022,Round of 16,Netherlands,3,1,USA,Khalifa International,Al Rayyan,Qatar,2022-12-03,,False,Netherlands,USA,Qatar,Round of 16,Knockout,4,False,False,,False,Netherlands
2022,Quarter-final,Morocco,1,0,Portugal,Al Thumama Stadium,Doha,Qatar,2022-12-10,En-Nesyri - historic,False,Morocco,Portugal,Qatar,Quarter-final,Knockout,1,False,False,,False,Morocco
2022,Quarter-final,France,2,1,England,Al Bayt Stadium,Al Khor,Qatar,2022-12-10,Kane pen miss,False,France,England,Qatar,Quarter-final,Knockout,3,False,False,,False,France
2022,Semi-final,Argentina,3,0,Croatia,Lusail Stadium,Lusail,Qatar,2022-12-13,Messi pen + Álvarez 2,False,Argentina,Croatia,Qatar,Semi-final,Knockout,3,False,False,,False,Argentina
2022,Semi-final,France,2,0,Morocco,Al Bayt Stadium,Al Khor,Qatar,2022-12-14,,False,France,Morocco,Qatar,Semi-final,Knockout,2,False,False,,False,France
2022,3rd Place,Croatia,2,1,Morocco,Khalifa International,Al Rayyan,Qatar,2022-12-17,,False,Croatia,Morocco,Qatar,3rd Place,Knockout,3,False,False,,False,Croatia
2022,Final,Argentina,3,3,France,Lusail Stadium,Lusail,Qatar,2022-12-18,AET - Argentina win 4-2 pens - GOAT final,False,Argentina,France,Qatar,Final,Knockout,6,True,False,Argentina,True,Argentina
